Title,Description,Video ID
JavaScript Tutorial for Beginners: Learn JavaScript in 1 Hour,Learn JavaScript basics in 1 hour! âš¡ This beginner-friendly tutorial covers everything you need to start coding. Ready to dive ...,W6NZfCO5SIk
React js developer interview coding Round | @procodrr | selected ðŸŽ‰| javascript interview questions,"credit : â€Ž@procodrr coding Round react js developer, html css interview questions, Java developer interview, javascript interview ...",ZRSetk_Fsu0
Senior Programmers vs Junior Developers #shorts,"Chat with me! https://bit.ly/ChatWithMiso ------ What senior engineers do vs what junior engineers do. Just for memes, enjoy!",746mfQalS48
Hello World in different programming languages #programming #memes,hello world program in different programming languages.,M1jycCH2kL4
How to crack frontend interviews of Big MNCs and Top Startups?,"Are you ready to ace your frontend interviews for both startups and MNCs? Look no further! In this comprehensive video, we ...",NlBXdqEHF0w
First job storyðŸ¥° #shorts #shortsindia #telugu #teluguvlogs #resignation #trendingshorts #tcs #fyp,,D0WeZMpvjMU
Complete react course with 10 projects,"Welcome to a youtube channel dedicated to programming and coding related tutorials. We talk about tech, write code, discuss ...",4DqAvWonPAg
JavaScript Programming - Full Course,Learn JavaScript from scratch by solving over a hundred different coding challenges. Go here for the interactive browser version: ...,jS4aFq5-91M
Nesting &quot;If Statements&quot; Is Bad. Do This Instead.,"Never nest your if statement if you have to many of them. With the Guard Clauses technique, you will be able to write cleaner and ...",Zmx0Ou5TNJs
Electron JS in 100 Seconds,"Build your first native desktop app (MacOS, Windows, Linux) in 100 seconds with Electron JS. https://fireship.io/tags/electron/ ...",m3OjWNFREJo
